Date,Building,Event_Type,Visitors,Food_Waste_kg,Plastic_Waste_kg,Paper_Waste_kg,Glass_Waste_kg,Metal_Waste_kg,Organic_Waste_kg,Total_Waste_kg,Recycled_kg,Segregation_Rate
2026-01-03,Academic Block B,Seminar,829,12.1,15.4,9.4,0.2,0.6,7.5,45.2,30.2,89
2026-01-04,Innovation Centre,Regular Class,243,3.2,2.1,5.3,0.1,0.7,4.0,15.5,8.0,69
2026-01-05,Academic Block A,Sports Event,627,3.2,1.5,3.1,0.4,0.9,2.2,11.3,7.1,84
2026-01-06,Auditorium,Seminar,508,5.8,11.8,4.0,1.2,0.6,4.5,27.8,14.0,67
2026-01-07,Innovation Centre,Sports Event,857,26.4,10.3,6.1,0.9,0.6,14.5,58.8,33.1,75
2026-01-08,Academic Block A,Cultural Fest,231,29.5,19.1,4.9,0.2,1.1,14.0,68.7,38.1,74
2026-01-09,Cafeteria,Sports Event,521,51.8,3.8,10.0,0.1,1.1,25.0,91.8,57.1,83
2026-01-10,Administrative Block,Regular Class,224,23.8,12.5,1.3,1.0,0.7,12.7,52.1,29.3,75
2026-01-11,Academic Block B,Seminar,803,9.2,2.4,7.8,0.6,0.9,6.0,26.9,14.7,73
2026-01-12,Administrative Block,Cultural Fest,318,36.2,6.1,2.2,1.2,0.6,18.8,65.1,41.0,84
2026-01-13,Administrative Block,Sports Event,606,36.5,11.8,7.8,0.5,0.8,18.9,76.5,44.7,78
2026-01-14,Auditorium,Examination,799,37.5,14.6,9.5,0.7,1.0,17.5,80.7,44.8,74
2026-01-15,Sports Complex,Sports Event,631,13.3,3.5,7.4,0.2,1.0,7.6,33.1,18.6,75
2026-01-16,Sports Complex,Seminar,421,32.0,2.3,3.2,0.8,0.8,15.6,54.6,34.0,83
2026-01-17,Academic Block B,Regular Class,893,10.5,1.6,5.0,0.2,0.6,5.4,23.2,11.5,66
2026-01-18,Library,Regular Class,515,39.4,10.2,10.2,1.2,1.0,19.0,80.8,46.7,77
2026-01-19,Cafeteria,Regular Class,892,31.5,4.2,1.2,0.5,0.6,16.7,54.8,31.6,77
2026-01-20,Auditorium,Seminar,561,21.3,2.8,7.9,0.8,0.4,11.6,44.8,27.2,81
2026-01-21,Cafeteria,Regular Class,693,36.1,7.1,3.6,0.2,0.6,17.5,65.2,35.7,73
2026-01-22,Main Gate Area,Examination,818,13.0,5.2,1.3,1.0,0.7,8.6,29.8,15.2,68
2026-01-23,Auditorium,Cultural Fest,236,6.7,6.4,4.2,1.0,0.8,4.6,23.8,14.1,79
2026-01-24,Library,Cultural Fest,421,8.1,15.8,9.8,0.3,1.1,4.8,40.0,19.8,66
2026-01-25,Library,Regular Class,752,35.5,4.8,7.4,0.8,1.1,16.8,66.5,35.9,72
2026-01-26,Auditorium,Regular Class,543,3.2,10.0,3.1,0.8,0.7,3.9,21.6,13.0,80
2026-01-27,Sports Complex,Regular Class,790,26.6,12.3,5.1,1.0,1.0,13.9,59.9,30.5,68
2026-01-28,Academic Block A,Examination,292,13.1,1.3,8.6,0.1,0.7,7.9,31.8,20.3,85
2026-01-29,Administrative Block,Cultural Fest,224,23.5,18.1,9.8,0.7,0.7,12.2,65.2,43.0,88
2026-01-30,Sports Complex,Regular Class,407,29.4,9.0,2.9,1.1,0.4,14.0,56.8,35.8,84
2026-01-31,Auditorium,Cultural Fest,497,38.1,7.0,6.7,0.3,0.9,19.8,72.7,44.7,82
2026-02-01,Sports Complex,Cultural Fest,251,9.0,12.2,6.6,0.4,0.3,6.7,35.3,21.4,81
2026-02-02,Library,Regular Class,884,13.6,15.3,6.4,0.1,0.5,7.8,43.7,21.9,67
2026-02-03,Sports Complex,Sports Event,198,22.8,8.5,9.8,0.2,0.5,12.0,53.8,33.9,84
2026-02-04,Auditorium,Seminar,316,26.4,12.8,5.7,1.1,1.0,12.4,59.5,35.7,80
2026-02-05,Academic Block A,Seminar,264,17.2,9.0,5.7,0.9,0.4,10.4,43.6,24.9,76
2026-02-06,Academic Block B,Sports Event,543,11.7,10.0,8.7,1.1,1.0,6.9,39.4,24.5,83
2026-02-07,Academic Block B,Cultural Fest,321,3.8,10.2,1.3,1.1,0.8,2.7,19.8,10.1,68
2026-02-08,Auditorium,Examination,434,29.3,13.2,7.5,1.0,0.6,13.9,65.5,38.3,78
2026-02-09,Main Gate Area,Examination,869,4.5,8.4,8.2,0.6,0.2,3.5,25.3,16.0,84
2026-02-10,Auditorium,Cultural Fest,190,19.3,11.6,8.6,0.9,0.7,10.7,51.9,27.6,71
2026-02-11,Innovation Centre,Workshop,689,29.5,14.4,8.7,0.8,0.6,15.1,69.0,41.4,80
2026-02-12,Library,Seminar,327,31.7,2.3,13.4,0.2,0.4,15.2,63.1,38.4,81
2026-02-13,Academic Block A,Regular Class,516,10.4,11.6,5.9,0.1,0.6,6.2,34.8,19.3,74
2026-02-14,Auditorium,Regular Class,416,22.0,14.4,3.7,0.8,0.6,12.6,54.0,30.0,74
2026-02-15,Academic Block A,Seminar,871,38.4,15.7,8.1,0.9,0.3,19.1,82.6,52.6,85
2026-02-16,Library,Cultural Fest,529,26.2,12.3,13.2,0.4,1.1,13.3,66.5,34.4,69
2026-02-17,Cafeteria,Regular Class,869,45.0,1.8,7.8,0.3,0.3,23.2,78.5,44.7,76
2026-02-18,Library,Sports Event,705,39.2,11.4,10.8,0.4,0.4,20.3,82.6,42.1,68
2026-02-19,Innovation Centre,Sports Event,257,7.6,1.2,9.9,0.8,0.4,4.9,24.8,14.7,79
2026-02-20,Innovation Centre,Workshop,199,37.7,11.0,4.9,0.8,0.6,17.9,72.8,45.3,83
2026-02-21,Academic Block A,Examination,298,29.1,11.2,7.3,0.3,1.1,15.7,64.6,41.2,85
2026-02-22,Administrative Block,Cultural Fest,569,19.9,10.2,8.1,0.4,1.0,10.1,49.7,27.2,73
2026-02-23,Administrative Block,Workshop,222,20.8,10.7,6.4,0.7,1.0,11.4,50.9,32.5,85
2026-02-24,Library,Workshop,354,22.5,14.4,9.8,1.0,0.9,11.3,59.9,33.3,74
2026-02-25,Innovation Centre,Workshop,640,32.4,2.6,3.5,1.1,0.5,15.6,55.8,34.3,82
2026-02-26,Main Gate Area,Sports Event,364,7.1,9.8,9.3,1.1,0.9,5.9,34.0,21.4,84
2026-02-27,Main Gate Area,Regular Class,793,34.0,15.0,8.3,1.2,0.4,17.9,76.8,44.4,77
2026-02-28,Administrative Block,Workshop,618,11.6,15.1,2.7,0.7,0.6,8.0,38.8,21.8,75
2026-03-01,Academic Block A,Sports Event,463,3.8,2.7,7.0,0.9,0.5,3.9,18.8,10.3,73
2026-03-02,Sports Complex,Regular Class,322,16.8,9.2,5.2,0.2,0.5,9.5,41.3,23.9,77
2026-03-03,Sports Complex,Seminar,777,37.2,13.7,2.0,0.8,0.3,18.7,72.7,39.8,73
2026-03-04,Sports Complex,Seminar,398,9.5,5.9,1.5,0.1,1.1,5.0,23.2,11.6,67
2026-03-05,Library,Examination,335,11.1,11.5,13.2,0.2,0.4,7.3,43.8,27.9,85
2026-03-06,Library,Workshop,544,24.2,4.0,10.7,1.2,0.2,12.7,53.1,27.1,68
2026-03-07,Innovation Centre,Seminar,565,3.1,9.4,3.7,1.1,0.4,2.7,20.4,12.4,81
2026-03-08,Academic Block B,Examination,865,39.1,10.9,9.2,1.2,1.0,20.6,81.9,44.8,73
2026-03-09,Innovation Centre,Sports Event,714,3.1,3.9,1.8,0.7,0.7,4.2,14.5,9.5,87
2026-03-10,Sports Complex,Regular Class,369,12.6,14.6,7.6,0.4,0.5,6.2,41.9,22.0,70
2026-03-11,Auditorium,Workshop,593,21.0,7.4,3.1,1.0,0.7,10.3,43.6,25.2,77
2026-03-12,Auditorium,Seminar,335,22.7,10.1,7.9,0.4,1.0,12.8,54.9,28.0,68
2026-03-13,Sports Complex,Sports Event,725,34.0,1.0,4.1,1.2,0.7,18.0,58.9,32.7,74
2026-03-14,Administrative Block,Sports Event,629,27.1,10.1,8.7,0.9,1.0,15.1,62.8,34.4,73
2026-03-15,Academic Block A,Seminar,522,28.5,8.1,5.1,0.2,1.1,13.6,56.6,29.3,69
2026-03-16,Cafeteria,Seminar,537,57.1,9.6,5.5,1.1,0.3,26.2,99.9,56.9,76
2026-03-17,Sports Complex,Cultural Fest,668,19.7,16.6,3.0,0.8,0.5,9.8,50.5,29.9,79
2026-03-18,Library,Seminar,549,23.8,7.1,9.8,1.1,1.1,11.8,54.9,28.0,68
2026-03-19,Cafeteria,Seminar,654,64.2,12.7,2.7,0.3,1.0,30.6,111.5,71.9,86
2026-03-20,Cafeteria,Examination,346,47.2,4.4,7.3,0.4,0.4,22.0,81.7,52.7,86
2026-03-21,Main Gate Area,Cultural Fest,870,16.7,11.7,8.6,0.6,0.6,8.3,46.5,30.4,87
2026-03-22,Auditorium,Seminar,668,27.8,2.6,2.8,1.1,1.0,13.1,48.4,25.8,71
2026-03-23,Cafeteria,Cultural Fest,344,35.4,15.7,1.2,0.2,0.3,16.7,69.5,37.0,71
2026-03-24,Cafeteria,Seminar,447,46.1,15.2,9.7,1.2,0.2,23.6,96.1,61.3,85
2026-03-25,Academic Block B,Cultural Fest,239,4.8,16.8,4.5,0.5,1.0,4.2,31.8,16.5,69
2026-03-26,Auditorium,Sports Event,892,3.7,8.9,6.2,0.1,1.0,3.1,23.0,15.0,87
2026-03-27,Academic Block B,Examination,790,34.7,2.7,6.6,0.6,0.8,16.5,61.9,41.3,89
2026-03-28,Academic Block B,Examination,533,17.1,13.2,2.9,0.9,0.9,10.2,45.2,27.1,80
2026-03-29,Administrative Block,Regular Class,629,16.9,12.5,7.2,0.4,0.7,9.0,46.8,23.5,67
2026-03-30,Auditorium,Examination,865,34.8,13.7,5.4,1.0,1.1,16.7,72.6,47.4,87
2026-03-31,Administrative Block,Cultural Fest,424,31.2,16.6,5.0,0.6,0.9,15.8,70.0,39.9,76
2026-04-01,Innovation Centre,Seminar,725,34.2,4.9,5.4,0.1,0.7,18.4,63.6,31.5,66
2026-04-02,Academic Block B,Sports Event,628,4.3,4.7,7.8,0.7,1.0,3.8,22.3,11.7,70
2026-04-03,Cafeteria,Cultural Fest,781,49.6,9.0,7.9,1.1,0.7,24.1,92.4,54.7,79
2026-04-04,Auditorium,Regular Class,428,26.7,1.9,1.9,0.6,0.3,13.7,45.1,27.8,82
2026-04-05,Academic Block B,Sports Event,755,30.0,14.7,2.3,0.8,0.4,16.1,64.3,32.3,67
2026-04-06,Academic Block A,Regular Class,885,5.6,11.4,6.7,1.1,0.7,5.2,30.6,16.1,70
2026-04-07,Sports Complex,Workshop,553,20.1,8.1,6.1,0.7,0.3,10.0,45.2,29.1,86
2026-04-08,Academic Block A,Sports Event,881,11.3,6.3,8.9,0.3,0.3,7.4,34.6,22.3,86
2026-04-09,Cafeteria,Cultural Fest,660,29.6,10.4,6.0,0.6,0.7,14.6,61.9,35.3,76
2026-04-10,Auditorium,Cultural Fest,532,6.4,18.9,8.3,0.9,0.9,4.8,40.2,25.9,86
2026-04-11,Main Gate Area,Workshop,740,26.2,5.1,7.3,1.0,0.6,14.0,54.2,31.3,77
2026-04-12,Academic Block A,Regular Class,441,39.5,13.4,8.1,0.4,0.8,19.4,81.6,41.6,68
2026-04-13,Cafeteria,Seminar,412,32.5,7.9,4.0,1.0,0.2,16.0,61.6,36.5,79
2026-04-14,Administrative Block,Regular Class,235,29.7,14.5,8.8,0.9,1.0,16.1,71.0,44.2,83
2026-04-15,Sports Complex,Seminar,601,5.8,13.0,3.8,0.9,0.7,5.0,29.2,19.1,87
2026-04-16,Academic Block B,Examination,350,29.8,9.6,5.7,0.9,0.3,14.3,60.6,32.7,72
2026-04-17,Academic Block A,Regular Class,749,24.8,2.8,8.1,0.3,0.8,13.0,49.7,28.3,76
2026-04-18,Academic Block A,Regular Class,682,7.1,12.5,6.8,0.5,0.7,4.8,32.4,17.5,72
2026-04-19,Academic Block B,Workshop,848,33.7,8.9,7.4,0.1,0.8,17.9,68.8,38.2,74
2026-04-20,Cafeteria,Seminar,313,46.8,9.7,3.5,0.5,0.6,23.7,84.7,52.1,82
2026-04-21,Innovation Centre,Cultural Fest,716,32.3,13.9,7.8,1.0,0.8,16.8,72.6,40.9,75
2026-04-22,Cafeteria,Cultural Fest,534,44.4,20.1,4.7,0.4,0.4,22.4,92.4,56.8,82
2026-04-23,Main Gate Area,Sports Event,584,8.4,9.0,9.7,0.8,1.0,6.6,35.4,22.1,83
2026-04-24,Administrative Block,Cultural Fest,539,34.2,12.9,7.5,0.9,0.3,17.0,72.8,48.1,88
2026-04-25,Academic Block A,Cultural Fest,500,9.2,13.5,9.2,0.7,0.5,6.6,39.8,26.0,87
2026-04-26,Academic Block B,Cultural Fest,685,6.5,12.2,8.2,0.1,0.3,5.9,33.2,18.9,76
2026-04-27,Academic Block B,Regular Class,608,8.8,6.4,5.9,0.5,0.5,5.6,27.7,15.1,73
2026-04-28,Innovation Centre,Sports Event,676,8.7,4.9,4.8,0.6,0.3,5.3,24.6,15.3,83
2026-04-29,Academic Block A,Regular Class,331,28.4,9.4,10.0,0.2,0.4,14.8,63.2,35.1,74
2026-04-30,Innovation Centre,Sports Event,638,11.2,15.4,5.5,0.2,0.7,6.0,38.9,21.0,72
2026-05-01,Academic Block B,Examination,584,25.0,3.4,5.8,1.0,1.0,12.7,48.9,26.1,71
2026-05-02,Cafeteria,Seminar,199,62.3,14.2,6.2,1.1,0.7,28.6,113.1,73.0,86
2026-05-03,Cafeteria,Sports Event,600,52.0,12.3,6.8,0.3,0.8,25.8,98.0,62.5,85
2026-05-04,Main Gate Area,Cultural Fest,203,26.6,14.6,3.5,1.1,0.5,12.9,59.2,31.1,70
2026-05-05,Innovation Centre,Examination,239,5.2,12.7,2.0,0.9,0.4,4.1,25.2,15.7,83
2026-05-06,Auditorium,Workshop,455,12.2,4.3,3.9,1.0,0.3,6.9,28.6,15.9,74
2026-05-07,Main Gate Area,Examination,202,32.5,10.9,6.9,0.9,1.1,15.4,67.7,44.2,87
2026-05-08,Academic Block B,Workshop,426,14.2,4.1,9.7,0.2,0.9,8.1,37.2,20.1,72
2026-05-09,Innovation Centre,Regular Class,720,31.3,6.3,8.8,0.6,0.8,15.1,62.9,38.7,82
2026-05-10,Cafeteria,Seminar,382,47.5,14.1,4.6,0.7,0.3,23.3,90.5,51.6,76
2026-05-11,Administrative Block,Examination,617,19.2,15.4,3.0,1.0,0.8,10.3,49.8,29.5,79
2026-05-12,Sports Complex,Examination,383,13.3,11.1,8.6,1.0,0.3,7.7,42.0,24.0,76
2026-05-13,Innovation Centre,Cultural Fest,520,7.4,14.9,7.1,1.2,0.6,5.0,36.1,18.2,67
2026-05-14,Auditorium,Examination,256,25.8,3.2,1.4,1.2,0.3,13.4,45.3,23.1,68
2026-05-15,Cafeteria,Seminar,483,42.4,8.4,9.3,1.2,1.0,19.8,82.1,45.6,74
2026-05-16,Auditorium,Cultural Fest,280,3.0,15.5,6.2,0.1,0.6,2.8,28.2,17.3,82
2026-05-17,Main Gate Area,Cultural Fest,837,36.3,12.9,8.2,1.1,1.0,17.0,76.5,44.2,77
2026-05-18,Innovation Centre,Workshop,714,8.1,12.3,6.6,0.3,0.5,4.4,32.1,19.0,79
2026-05-19,Library,Regular Class,275,19.1,7.1,6.8,0.5,1.1,9.2,43.8,26.6,81
2026-05-20,Academic Block A,Workshop,609,36.0,13.1,2.6,0.9,1.0,18.1,71.7,45.2,84
2026-05-21,Cafeteria,Examination,865,49.9,10.8,2.9,0.2,0.3,25.2,89.2,52.9,79
2026-05-22,Main Gate Area,Cultural Fest,502,21.4,20.3,1.4,0.3,0.6,11.1,55.0,32.6,79
2026-05-23,Administrative Block,Sports Event,334,6.8,8.8,7.5,0.8,0.8,5.6,30.2,17.0,75
2026-05-24,Library,Regular Class,382,5.8,2.0,13.0,0.6,1.1,4.1,26.5,13.3,67
2026-05-25,Cafeteria,Workshop,517,27.2,5.0,3.8,0.8,0.5,15.2,52.5,26.8,68
2026-05-26,Auditorium,Sports Event,326,12.9,1.6,8.1,0.2,0.5,7.1,30.4,18.5,81
2026-05-27,Administrative Block,Examination,778,5.4,12.9,4.1,1.1,1.1,3.0,27.7,17.6,85
2026-05-28,Library,Examination,814,12.3,3.0,10.0,0.4,0.7,6.8,33.3,16.5,66
2026-05-29,Main Gate Area,Regular Class,553,24.3,7.1,1.6,0.8,0.7,11.8,46.3,29.5,85
2026-05-30,Sports Complex,Seminar,802,28.5,10.3,4.9,0.8,0.5,14.0,59.1,29.7,67
2026-05-31,Innovation Centre,Examination,619,16.0,4.9,4.4,1.1,0.9,8.8,36.1,20.9,77
2026-06-01,Auditorium,Sports Event,716,5.9,4.9,5.9,0.3,0.5,3.3,20.9,13.6,87
2026-06-02,Cafeteria,Regular Class,803,42.9,8.1,10.0,0.9,0.6,20.4,82.7,45.9,74
2026-06-03,Auditorium,Seminar,820,5.1,10.6,1.4,1.1,0.2,2.8,21.2,12.6,79
2026-06-04,Innovation Centre,Sports Event,524,14.0,1.2,9.2,0.7,0.2,7.2,32.5,19.2,79
2026-06-05,Auditorium,Workshop,408,27.1,9.3,2.1,1.1,0.3,15.0,55.0,36.3,88
2026-06-06,Sports Complex,Sports Event,206,24.6,1.9,7.0,0.9,0.7,13.9,49.0,28.0,76
2026-06-07,Innovation Centre,Examination,836,8.2,4.7,6.7,1.2,0.8,5.5,27.0,17.2,85
2026-06-08,Innovation Centre,Examination,196,2.2,2.3,7.3,1.0,0.6,2.3,15.8,9.6,81
2026-06-09,Sports Complex,Cultural Fest,307,2.6,19.6,7.3,0.9,0.3,3.5,34.1,22.2,87
2026-06-10,Cafeteria,Regular Class,352,36.6,10.7,6.1,1.0,0.7,18.8,74.1,45.0,81
2026-06-11,Main Gate Area,Examination,752,27.0,9.7,9.5,0.3,0.5,13.6,60.7,37.8,83
2026-06-12,Sports Complex,Workshop,193,33.4,2.0,4.3,0.6,0.8,17.4,58.6,33.8,77
2026-06-13,Administrative Block,Workshop,799,12.2,12.5,3.3,1.0,0.3,6.0,35.4,19.6,74
2026-06-14,Academic Block A,Seminar,843,14.8,7.0,7.6,0.4,0.5,8.1,38.4,19.9,69
2026-06-15,Academic Block A,Sports Event,675,22.0,10.1,9.5,0.1,0.4,10.5,52.7,31.6,80
2026-06-16,Cafeteria,Workshop,191,43.7,6.7,5.3,0.2,0.7,21.6,78.1,51.6,88
2026-06-17,Library,Workshop,487,23.6,10.0,9.1,0.6,0.4,11.9,55.5,30.0,72
2026-06-18,Auditorium,Cultural Fest,338,18.8,16.8,9.4,0.3,0.6,9.2,55.1,28.1,68
2026-06-19,Administrative Block,Workshop,766,33.1,14.1,4.2,0.4,1.1,15.5,68.5,41.1,80
2026-06-20,Sports Complex,Sports Event,881,6.9,6.7,5.5,0.6,0.9,5.7,26.3,14.0,71
2026-06-21,Academic Block A,Cultural Fest,564,19.9,9.5,9.9,0.9,0.5,10.1,50.8,33.9,89
2026-06-22,Auditorium,Cultural Fest,541,10.7,19.3,2.7,0.6,0.5,5.7,39.4,19.5,66
2026-06-23,Sports Complex,Cultural Fest,322,16.0,14.1,1.9,1.1,0.4,8.1,41.7,21.6,69
2026-06-24,Auditorium,Sports Event,854,25.6,9.7,9.0,1.0,0.3,13.2,58.9,34.9,79
2026-06-25,Academic Block A,Seminar,656,32.6,11.6,7.8,0.7,0.7,15.9,69.2,34.8,67
2026-06-26,Auditorium,Cultural Fest,187,8.9,15.8,5.9,0.6,0.6,4.8,36.7,21.4,78
2026-06-27,Auditorium,Cultural Fest,619,6.8,19.7,4.3,0.2,0.2,4.7,36.0,18.9,70
2026-06-28,Administrative Block,Sports Event,708,30.3,14.7,7.2,0.1,0.4,14.5,67.2,43.3,86
2026-06-29,Library,Workshop,496,3.2,3.7,7.2,0.7,0.4,3.1,18.2,11.1,81
2026-06-30,Auditorium,Examination,372,5.6,5.9,2.5,1.1,0.8,3.8,19.7,11.8,80
2026-07-01,Administrative Block,Examination,829,10.0,6.4,2.6,0.5,0.7,5.2,25.3,13.5,71
2026-07-02,Academic Block B,Regular Class,200,24.0,12.5,9.3,1.0,0.3,12.2,59.3,33.3,75
2026-07-03,Cafeteria,Workshop,307,36.3,5.6,5.5,0.5,0.6,19.2,67.6,45.1,89
2026-07-04,Administrative Block,Examination,597,22.6,5.5,1.2,0.7,1.0,11.7,42.7,22.4,70
2026-07-05,Academic Block B,Regular Class,200,15.8,9.2,2.4,0.9,0.2,8.4,36.8,21.8,79
2026-07-06,Library,Examination,733,32.4,10.2,11.2,0.1,0.3,15.8,70.0,36.2,69
2026-07-07,Academic Block A,Sports Event,705,2.5,4.8,4.7,0.7,0.7,2.7,16.0,9.4,78
2026-07-08,Library,Seminar,502,15.9,3.9,14.9,0.3,0.9,7.9,43.7,24.2,74
2026-07-09,Academic Block B,Cultural Fest,502,11.2,9.8,6.1,0.3,0.2,7.6,35.3,19.8,75
2026-07-10,Innovation Centre,Sports Event,303,22.3,5.9,8.3,1.1,0.9,12.0,50.6,33.8,89
2026-07-11,Library,Seminar,827,8.4,14.6,11.9,1.2,1.0,5.1,42.1,23.1,73
2026-07-12,Sports Complex,Examination,895,28.9,4.8,7.7,1.1,0.7,14.8,58.1,36.6,84
2026-07-13,Innovation Centre,Workshop,335,25.4,1.9,4.1,0.1,1.1,13.5,46.0,25.2,73
2026-07-14,Library,Regular Class,532,14.3,14.0,6.5,1.0,0.6,9.1,45.4,27.6,81
2026-07-15,Sports Complex,Workshop,686,10.6,7.7,7.4,1.1,0.6,7.8,35.1,18.2,69
2026-07-16,Auditorium,Workshop,356,11.8,7.4,4.5,1.2,0.2,7.9,33.0,21.3,86
2026-07-17,Main Gate Area,Cultural Fest,499,32.5,10.3,1.2,1.1,0.3,15.4,60.8,40.6,89
2026-07-18,Auditorium,Seminar,409,6.2,2.2,7.9,1.1,0.9,5.4,23.7,13.5,76
2026-07-19,Main Gate Area,Seminar,840,37.9,15.7,4.7,0.7,0.2,20.0,79.2,39.8,67
2026-07-20,Academic Block B,Regular Class,659,14.8,12.7,9.8,0.8,0.6,8.1,46.9,30.6,87
2026-07-21,Cafeteria,Seminar,639,49.8,12.6,6.2,0.6,0.8,25.0,95.2,61.4,86
